Project	sampleID	Feature	MEAN_COVERAGE	MEAN_TARGET_COVERAGE	MEAN_BAIT_COVERAGE	coverage	platform
2792	PD51605b_lo0049	parenchyma	45.549194	NA	NA	45.549194	WGS
2792	PD51605b_lo0050	parenchyma	38.876918	NA	NA	38.876918	WGS
2792	PD51605b_lo0053	parenchyma	46.968424	NA	NA	46.968424	WGS
2792	PD51605b_lo0054	parenchyma	39.318675	NA	NA	39.318675	WGS
2792	PD51605b_lo0059	parenchyma	47.121636	NA	NA	47.121636	WGS
2792	PD51605b_lo0060	parenchyma	50.287784	NA	NA	50.287784	WGS
2792	PD51605b_lo0066	parenchyma	40.980013	NA	NA	40.980013	WGS
2792	PD51605b_lo0074	parenchyma	38.583385	NA	NA	38.583385	WGS
2792	PD51605b_lo0075	parenchyma	39.929328	NA	NA	39.929328	WGS
2792	PD51605b_lo0076	parenchyma	44.023394	NA	NA	44.023394	WGS
2792	PD51605b_lo0077	parenchyma	46.216087	NA	NA	46.216087	WGS
2792	PD51605b_lo0078	parenchyma	55.122456	NA	NA	55.122456	WGS
2792	PD51605b_lo0079	parenchyma	41.251708	NA	NA	41.251708	WGS
2792	PD51605b_lo0086	parenchyma	55.535228	NA	NA	55.535228	WGS
2792	PD51605b_lo0089	parenchyma	49.454521	NA	NA	49.454521	WGS
2792	PD51606b_lo0049	parenchyma	42.496365	NA	NA	42.496365	WGS
2792	PD51606b_lo0052	parenchyma	28.303032	NA	NA	28.303032	WGS
2792	PD51606b_lo0054	parenchyma	23.116247	NA	NA	23.116247	WGS
2792	PD51606b_lo0056	parenchyma	42.275898	NA	NA	42.275898	WGS
2792	PD51606b_lo0059	parenchyma	26.030924	NA	NA	26.030924	WGS
2792	PD51606b_lo0065	parenchyma	33.64928	NA	NA	33.64928	WGS
2792	PD51606b_lo0072	parenchyma	50.18853	NA	NA	50.18853	WGS
2792	PD51606b_lo0075	parenchyma	37.973381	NA	NA	37.973381	WGS
2792	PD51606b_lo0078	parenchyma	43.307724	NA	NA	43.307724	WGS
2792	PD51606b_lo0079	parenchyma	44.820897	NA	NA	44.820897	WGS
2792	PD51606b_lo0083	parenchyma	51.265725	NA	NA	51.265725	WGS
2792	PD51606b_lo0089	parenchyma	42.731461	NA	NA	42.731461	WGS
2792	PD51606b_lo0091	parenchyma	48.495948	NA	NA	48.495948	WGS
2792	PD51606b_lo0093	parenchyma	38.170707	NA	NA	38.170707	WGS
2792	PD51606b_lo0095	parenchyma	20.198343	NA	NA	20.198343	WGS
2792	PD51607b_lo0051	parenchyma	36.394739	NA	NA	36.394739	WGS
2792	PD51607b_lo0053	parenchyma	34.661653	NA	NA	34.661653	WGS
2792	PD51607b_lo0056	parenchyma	27.912661	NA	NA	27.912661	WGS
2792	PD51607b_lo0059	parenchyma	18.144017	NA	NA	18.144017	WGS
2792	PD51607b_lo0064	parenchyma	23.824866	NA	NA	23.824866	WGS
2792	PD51607b_lo0066	parenchyma	18.220243	NA	NA	18.220243	WGS
2792	PD51607b_lo0068	parenchyma	43.578929	NA	NA	43.578929	WGS
2792	PD51607b_lo0069	parenchyma	50.801481	NA	NA	50.801481	WGS
2792	PD51607b_lo0072	parenchyma	29.817852	NA	NA	29.817852	WGS
2792	PD51607b_lo0082	parenchyma	50.651549	NA	NA	50.651549	WGS
2792	PD51607b_lo0087	parenchyma	34.301935	NA	NA	34.301935	WGS
2792	PD51607b_lo0092	parenchyma	32.60202	NA	NA	32.60202	WGS
2792	PD51607b_lo0093	parenchyma	31.457269	NA	NA	31.457269	WGS
2792	PD51607b_lo0095	parenchyma	50.906992	NA	NA	50.906992	WGS
2792	PD51608b_lo0049	parenchyma	45.887327	NA	NA	45.887327	WGS
2792	PD51608b_lo0050	parenchyma	50.711315	NA	NA	50.711315	WGS
2792	PD51608b_lo0051	parenchyma	59.545577	NA	NA	59.545577	WGS
2792	PD51608b_lo0052	parenchyma	53.804296	NA	NA	53.804296	WGS
2792	PD51608b_lo0053	parenchyma	50.810504	NA	NA	50.810504	WGS
2792	PD51608b_lo0054	parenchyma	48.134337	NA	NA	48.134337	WGS
2792	PD51608b_lo0056	parenchyma	32.099386	NA	NA	32.099386	WGS
2792	PD51608b_lo0058	parenchyma	51.515865	NA	NA	51.515865	WGS
2792	PD51608b_lo0061	parenchyma	62.740341	NA	NA	62.740341	WGS
2792	PD51608b_lo0065	parenchyma	55.023015	NA	NA	55.023015	WGS
2792	PD51608b_lo0069	parenchyma	46.312009	NA	NA	46.312009	WGS
2792	PD51608b_lo0073	parenchyma	42.814337	NA	NA	42.814337	WGS
2792	PD52285b_lo0005	parenchyma	46.507647	NA	NA	46.507647	WGS
2792	PD52285b_lo0007	parenchyma	40.296417	NA	NA	40.296417	WGS
2792	PD52285b_lo0012	parenchyma	33.522406	NA	NA	33.522406	WGS
2792	PD52285b_lo0015	parenchyma	47.792285	NA	NA	47.792285	WGS
2792	PD52285b_lo0019	parenchyma	34.179303	NA	NA	34.179303	WGS
2792	PD52285b_lo0021	parenchyma	32.268243	NA	NA	32.268243	WGS
2792	PD52285b_lo0027	parenchyma	33.473077	NA	NA	33.473077	WGS
2792	PD52285b_lo0029	parenchyma	25.132886	NA	NA	25.132886	WGS
2792	PD52285b_lo0031	parenchyma	33.063281	NA	NA	33.063281	WGS
2792	PD52285b_lo0040	parenchyma	46.539321	NA	NA	46.539321	WGS
2792	PD52285b_lo0041	parenchyma	29.788841	NA	NA	29.788841	WGS
2792	PD52285b_lo0044	parenchyma	36.194071	NA	NA	36.194071	WGS
2792	PD52286b_lo0001	parenchyma	36.477318	NA	NA	36.477318	WGS
2792	PD52286b_lo0004	parenchyma	50.781213	NA	NA	50.781213	WGS
2792	PD52286b_lo0006	parenchyma	55.461206	NA	NA	55.461206	WGS
2792	PD52286b_lo0010	parenchyma	42.307619	NA	NA	42.307619	WGS
2792	PD52286b_lo0013	parenchyma	44.552458	NA	NA	44.552458	WGS
2792	PD52286b_lo0016	parenchyma	45.363603	NA	NA	45.363603	WGS
2792	PD52286b_lo0019	parenchyma	60.412278	NA	NA	60.412278	WGS
2792	PD52286b_lo0020	parenchyma	69.307196	NA	NA	69.307196	WGS
2792	PD52286b_lo0024	parenchyma	52.915944	NA	NA	52.915944	WGS
2814	PD51605b_lo0051	parenchyma	NA	45.932491	96.422693	45.932491	WXS
2814	PD51605b_lo0052	parenchyma	NA	38.820361	71.331385	38.820361	WXS
2814	PD51605b_lo0055	parenchyma	NA	55.597002	92.162203	55.597002	WXS
2814	PD51605b_lo0056	parenchyma	NA	36.879075	61.893429	36.879075	WXS
2814	PD51605b_lo0058	parenchyma	NA	31.214453	72.065532	31.214453	WXS
2814	PD51605b_lo0061	parenchyma	NA	53.285677	97.524168	53.285677	WXS
2814	PD51605b_lo0062	parenchyma	NA	52.764344	96.076431	52.764344	WXS
2814	PD51605b_lo0063	parenchyma	NA	40.166715	110.915407	40.166715	WXS
2814	PD51605b_lo0064	parenchyma	NA	30.847349	50.857302	30.847349	WXS
2814	PD51605b_lo0065	parenchyma	NA	25.390668	50.95533	25.390668	WXS
2814	PD51605b_lo0068	parenchyma	NA	44.886557	74.468179	44.886557	WXS
2814	PD51605b_lo0071	parenchyma	NA	57.855476	122.936867	57.855476	WXS
2814	PD51605b_lo0072	parenchyma	NA	42.853131	78.790949	42.853131	WXS
2814	PD51605b_lo0073	parenchyma	NA	38.083519	67.946959	38.083519	WXS
2814	PD51605b_lo0080	parenchyma	NA	37.588726	89.793761	37.588726	WXS
2814	PD51605b_lo0082	parenchyma	NA	44.33341	86.667956	44.33341	WXS
2814	PD51605b_lo0083	parenchyma	NA	26.400921	66.992035	26.400921	WXS
2814	PD51605b_lo0085	parenchyma	NA	60.954841	106.23672	60.954841	WXS
2814	PD51605b_lo0088	parenchyma	NA	44.265636	98.145265	44.265636	WXS
2814	PD51605b_lo0090	parenchyma	NA	36.1852	67.120111	36.1852	WXS
2814	PD51605b_lo0093	parenchyma	NA	47.451582	100.045939	47.451582	WXS
2814	PD51605b_lo0094	parenchyma	NA	24.714531	56.03397	24.714531	WXS
2814	PD51606b_lo0050	parenchyma	NA	37.21296	69.632656	37.21296	WXS
2814	PD51606b_lo0051	parenchyma	NA	54.135147	111.395325	54.135147	WXS
2814	PD51606b_lo0053	parenchyma	NA	32.915037	108.48824	32.915037	WXS
2814	PD51606b_lo0055	parenchyma	NA	44.316034	106.453123	44.316034	WXS
2814	PD51606b_lo0058	parenchyma	NA	39.200257	79.071104	39.200257	WXS
2814	PD51606b_lo0060	parenchyma	NA	25.437929	90.153039	25.437929	WXS
2814	PD51606b_lo0061	parenchyma	NA	32.741361	90.760612	32.741361	WXS
2814	PD51606b_lo0062	parenchyma	NA	38.102922	80.292643	38.102922	WXS
2814	PD51606b_lo0063	parenchyma	NA	34.14427	97.755404	34.14427	WXS
2814	PD51606b_lo0064	parenchyma	NA	28.533246	78.024163	28.533246	WXS
2814	PD51606b_lo0066	parenchyma	NA	47.030624	95.783041	47.030624	WXS
2814	PD51606b_lo0067	parenchyma	NA	52.220403	97.273282	52.220403	WXS
2814	PD51606b_lo0068	parenchyma	NA	51.151871	98.145692	51.151871	WXS
2814	PD51606b_lo0069	parenchyma	NA	50.238089	102.082189	50.238089	WXS
2814	PD51606b_lo0070	parenchyma	NA	61.013275	105.360424	61.013275	WXS
2814	PD51606b_lo0071	parenchyma	NA	57.150616	115.877348	57.150616	WXS
2814	PD51606b_lo0073	parenchyma	NA	42.48564	97.112367	42.48564	WXS
2814	PD51606b_lo0074	parenchyma	NA	41.059036	121.794701	41.059036	WXS
2814	PD51606b_lo0076	parenchyma	NA	43.119746	81.946977	43.119746	WXS
2814	PD51606b_lo0077	parenchyma	NA	46.83477	108.339196	46.83477	WXS
2814	PD51606b_lo0080	parenchyma	NA	60.124874	118.841465	60.124874	WXS
2814	PD51606b_lo0081	parenchyma	NA	47.086853	83.434262	47.086853	WXS
2814	PD51606b_lo0082	parenchyma	NA	52.251965	102.496473	52.251965	WXS
2814	PD51606b_lo0084	parenchyma	NA	58.178183	104.252322	58.178183	WXS
2814	PD51606b_lo0085	parenchyma	NA	48.98754	88.647113	48.98754	WXS
2814	PD51606b_lo0086	parenchyma	NA	40.053264	72.097704	40.053264	WXS
2814	PD51606b_lo0087	parenchyma	NA	33.345808	92.70481	33.345808	WXS
2814	PD51606b_lo0088	parenchyma	NA	48.843898	116.410057	48.843898	WXS
2814	PD51606b_lo0090	parenchyma	NA	50.223746	100.406513	50.223746	WXS
2814	PD51606b_lo0092	parenchyma	NA	43.165255	80.489001	43.165255	WXS
2814	PD51606b_lo0094	parenchyma	NA	42.110398	94.516598	42.110398	WXS
2814	PD51606b_lo0096	parenchyma	NA	46.886289	116.909571	46.886289	WXS
2814	PD51607b_lo0050	parenchyma	NA	56.141367	123.000532	56.141367	WXS
2814	PD51607b_lo0052	parenchyma	NA	48.723327	95.456198	48.723327	WXS
2814	PD51607b_lo0054	parenchyma	NA	33.584705	103.526208	33.584705	WXS
2814	PD51607b_lo0055	parenchyma	NA	37.167855	110.272266	37.167855	WXS
2814	PD51607b_lo0057	parenchyma	NA	31.492068	105.443338	31.492068	WXS
2814	PD51607b_lo0058	parenchyma	NA	46.937309	122.751524	46.937309	WXS
2814	PD51607b_lo0060	parenchyma	NA	51.237885	98.917027	51.237885	WXS
2814	PD51607b_lo0064	parenchyma	NA	19.176769	96.344678	19.176769	WXS
2814	PD51607b_lo0067	parenchyma	NA	49.48932	105.588115	49.48932	WXS
2814	PD51607b_lo0071	parenchyma	NA	52.295315	111.021264	52.295315	WXS
2814	PD51607b_lo0073	parenchyma	NA	24.528291	84.821036	24.528291	WXS
2814	PD51607b_lo0076	parenchyma	NA	48.409626	93.268112	48.409626	WXS
2814	PD51607b_lo0077	parenchyma	NA	38.706871	113.987744	38.706871	WXS
2814	PD51607b_lo0078	parenchyma	NA	22.728466	80.269718	22.728466	WXS
2814	PD51607b_lo0080	parenchyma	NA	22.959095	108.248568	22.959095	WXS
2814	PD51607b_lo0081	parenchyma	NA	52.914114	108.722896	52.914114	WXS
2814	PD51607b_lo0083	parenchyma	NA	49.17469	95.476247	49.17469	WXS
2814	PD51607b_lo0084	parenchyma	NA	38.826315	106.689434	38.826315	WXS
2814	PD51607b_lo0085	parenchyma	NA	46.820965	101.667594	46.820965	WXS
2814	PD51607b_lo0088	parenchyma	NA	30.310603	88.164738	30.310603	WXS
2814	PD51607b_lo0089	parenchyma	NA	47.10486	95.205613	47.10486	WXS
2814	PD51607b_lo0090	parenchyma	NA	56.389359	98.872145	56.389359	WXS
2814	PD51607b_lo0091	parenchyma	NA	30.772169	85.698359	30.772169	WXS
2814	PD51607b_lo0094	parenchyma	NA	42.722177	87.602299	42.722177	WXS
2814	PD51608b_lo0055	parenchyma	NA	51.027322	98.349858	51.027322	WXS
2814	PD51608b_lo0057	parenchyma	NA	35.536103	93.841529	35.536103	WXS
2814	PD51608b_lo0059	parenchyma	NA	54.255735	93.54475	54.255735	WXS
2814	PD51608b_lo0060	parenchyma	NA	57.060631	97.339068	57.060631	WXS
2814	PD51608b_lo0062	parenchyma	NA	51.226306	99.092458	51.226306	WXS
2814	PD51608b_lo0063	parenchyma	NA	55.396107	111.668624	55.396107	WXS
2814	PD51608b_lo0064	parenchyma	NA	30.855332	88.08981	30.855332	WXS
2814	PD51608b_lo0066	parenchyma	NA	57.836372	117.985565	57.836372	WXS
2814	PD51608b_lo0067	parenchyma	NA	36.123802	91.65812	36.123802	WXS
2814	PD51608b_lo0068	parenchyma	NA	53.380486	119.581909	53.380486	WXS
2814	PD51608b_lo0070	parenchyma	NA	40.077807	93.261309	40.077807	WXS
2814	PD51608b_lo0071	parenchyma	NA	45.106942	110.115917	45.106942	WXS
2814	PD51608b_lo0072	parenchyma	NA	64.185556	125.770066	64.185556	WXS
2814	PD51608b_lo0074	parenchyma	NA	53.27765	96.993032	53.27765	WXS
2814	PD51608b_lo0075	parenchyma	NA	39.471834	89.172039	39.471834	WXS
2814	PD51608b_lo0076	parenchyma	NA	53.536977	86.577162	53.536977	WXS
2814	PD51608b_lo0077	parenchyma	NA	54.393483	91.091994	54.393483	WXS
2814	PD51608b_lo0078	parenchyma	NA	50.200948	101.187302	50.200948	WXS
2814	PD51608b_lo0079	parenchyma	NA	48.404054	94.712724	48.404054	WXS
2814	PD51608b_lo0081	parenchyma	NA	67.811108	136.385239	67.811108	WXS
2814	PD51608b_lo0084	parenchyma	NA	51.920567	102.834244	51.920567	WXS
2814	PD51608b_lo0088	parenchyma	NA	61.949567	117.290943	61.949567	WXS
2814	PD51608b_lo0092	parenchyma	NA	47.395445	76.532828	47.395445	WXS
2814	PD51608b_lo0096	parenchyma	NA	60.421579	101.881737	60.421579	WXS
2814	PD52285b_lo0002	parenchyma	NA	30.207786	72.679396	30.207786	WXS
2814	PD52285b_lo0003	parenchyma	NA	66.833589	127.453447	66.833589	WXS
2814	PD52285b_lo0004	parenchyma	NA	49.180252	93.119407	49.180252	WXS
2814	PD52285b_lo0005	parenchyma	NA	42.757694	80.502637	42.757694	WXS
2814	PD52285b_lo0007	parenchyma	NA	45.840438	87.425537	45.840438	WXS
2814	PD52285b_lo0008	parenchyma	NA	36.200309	75.365896	36.200309	WXS
2814	PD52285b_lo0009	parenchyma	NA	40.53046	82.87723	40.53046	WXS
2814	PD52285b_lo0010	parenchyma	NA	47.241931	100.57628	47.241931	WXS
2814	PD52285b_lo0011	parenchyma	NA	36.393386	72.763219	36.393386	WXS
2814	PD52285b_lo0013	parenchyma	NA	34.681018	84.108875	34.681018	WXS
2814	PD52285b_lo0014	parenchyma	NA	28.747226	70.938036	28.747226	WXS
2814	PD52285b_lo0016	parenchyma	NA	26.607831	59.646581	26.607831	WXS
2814	PD52285b_lo0017	parenchyma	NA	32.317308	78.785558	32.317308	WXS
2814	PD52285b_lo0018	parenchyma	NA	34.753775	74.189417	34.753775	WXS
2814	PD52285b_lo0020	parenchyma	NA	38.818591	100.214206	38.818591	WXS
2814	PD52285b_lo0022	parenchyma	NA	23.330242	83.079425	23.330242	WXS
2814	PD52285b_lo0025	parenchyma	NA	35.357294	84.970952	35.357294	WXS
2814	PD52285b_lo0027	parenchyma	NA	30.124046	102.527001	30.124046	WXS
2814	PD52285b_lo0028	parenchyma	NA	26.09155	77.387951	26.09155	WXS
2814	PD52285b_lo0031	parenchyma	NA	34.488874	91.883815	34.488874	WXS
2814	PD52285b_lo0032	parenchyma	NA	52.063195	108.62055	52.063195	WXS
2814	PD52285b_lo0033	parenchyma	NA	34.11688	99.908761	34.11688	WXS
2814	PD52285b_lo0035	parenchyma	NA	30.908175	104.164721	30.908175	WXS
2814	PD52285b_lo0037	parenchyma	NA	47.958015	89.995641	47.958015	WXS
2814	PD52285b_lo0038	parenchyma	NA	44.636723	104.856321	44.636723	WXS
2814	PD52285b_lo0039	parenchyma	NA	51.993662	139.098303	51.993662	WXS
2814	PD52285b_lo0042	parenchyma	NA	48.306033	109.495062	48.306033	WXS
2814	PD52285b_lo0043	parenchyma	NA	34.091113	84.196118	34.091113	WXS
2814	PD52286b_lo0002	parenchyma	NA	50.397255	103.434425	50.397255	WXS
2814	PD52286b_lo0003	parenchyma	NA	39.029767	66.392053	39.029767	WXS
2814	PD52286b_lo0005	parenchyma	NA	50.682894	92.314103	50.682894	WXS
2814	PD52286b_lo0007	parenchyma	NA	46.672525	81.300762	46.672525	WXS
2814	PD52286b_lo0008	parenchyma	NA	45.641884	84.653602	45.641884	WXS
2814	PD52286b_lo0009	parenchyma	NA	41.769766	76.816199	41.769766	WXS
2814	PD52286b_lo0011	parenchyma	NA	58.25773	118.899668	58.25773	WXS
2814	PD52286b_lo0012	parenchyma	NA	51.763477	98.791351	51.763477	WXS
2814	PD52286b_lo0014	parenchyma	NA	35.454688	92.008056	35.454688	WXS
2814	PD52286b_lo0015	parenchyma	NA	46.0395	134.073571	46.0395	WXS
2814	PD52286b_lo0017	parenchyma	NA	48.362176	92.179034	48.362176	WXS
2814	PD52286b_lo0018	parenchyma	NA	53.018683	101.198373	53.018683	WXS
2814	PD52286b_lo0021	parenchyma	NA	47.248268	71.662914	47.248268	WXS
2814	PD52286b_lo0022	parenchyma	NA	67.088894	128.553419	67.088894	WXS
2814	PD52286b_lo0023	parenchyma	NA	57.141918	104.318108	57.141918	WXS
2814	PD52286b_lo0025	parenchyma	NA	34.370953	58.049694	34.370953	WXS
2814	PD52286b_lo0028	parenchyma	NA	49.663434	100.282505	49.663434	WXS
2814	PD52286b_lo0031	parenchyma	NA	35.043748	87.588951	35.043748	WXS
2814	PD52286b_lo0032	parenchyma	NA	48.380386	138.046471	48.380386	WXS
2814	PD52286b_lo0036	parenchyma	NA	50.663258	93.731126	50.663258	WXS
2814	PD52286b_lo0037	parenchyma	NA	54.477052	104.600751	54.477052	WXS
2814	PD52286b_lo0038	parenchyma	NA	42.887392	76.023319	42.887392	WXS
3131	PD60232b_lo0001	parenchyma	NA	49.489607	336.926658	49.489607	WXS
3131	PD60232b_lo0002	parenchyma	NA	52.074194	331.547711	52.074194	WXS
3131	PD60232b_lo0003	parenchyma	NA	51.758292	310.960522	51.758292	WXS
3131	PD60232b_lo0004	parenchyma	NA	56.234279	157.830558	56.234279	WXS
3131	PD60232b_lo0005	parenchyma	NA	58.665496	206.756628	58.665496	WXS
3131	PD60232b_lo0006	parenchyma	NA	67.809701	188.088099	67.809701	WXS
3131	PD60232b_lo0007	parenchyma	NA	54.375295	217.028572	54.375295	WXS
3131	PD60232b_lo0008	parenchyma	NA	74.551259	230.633487	74.551259	WXS
3131	PD60232b_lo0009	parenchyma	NA	79.645585	192.013427	79.645585	WXS
3131	PD60232b_lo0010	parenchyma	NA	62.001741	199.945675	62.001741	WXS
3131	PD60232b_lo0011	parenchyma	NA	61.768067	184.860861	61.768067	WXS
3131	PD60232b_lo0012	parenchyma	NA	62.456067	195.458357	62.456067	WXS
3131	PD60232b_lo0013	parenchyma	NA	46.284894	348.669701	46.284894	WXS
3131	PD60232b_lo0014	parenchyma	NA	82.539087	241.826359	82.539087	WXS
3131	PD60232b_lo0015	parenchyma	NA	77.302601	174.086329	77.302601	WXS
3131	PD60232b_lo0016	parenchyma	NA	69.513822	236.206942	69.513822	WXS
3131	PD60232b_lo0017	parenchyma	NA	51.908204	188.397431	51.908204	WXS
3131	PD60232b_lo0018	parenchyma	NA	68.609642	218.069889	68.609642	WXS
3131	PD60232b_lo0019	parenchyma	NA	64.094644	207.526207	64.094644	WXS
3131	PD60232b_lo0020	parenchyma	NA	58.67855	175.336064	58.67855	WXS
3131	PD60232b_lo0021	parenchyma	NA	55.914201	191.676334	55.914201	WXS
3131	PD60232b_lo0022	parenchyma	NA	62.955345	233.182541	62.955345	WXS
3131	PD60232b_lo0023	parenchyma	NA	67.784826	246.324311	67.784826	WXS
3131	PD60232b_lo0024	parenchyma	NA	58.158605	302.839454	58.158605	WXS
3131	PD60233b_lo0001	parenchyma	NA	51.583809	291.020809	51.583809	WXS
3131	PD60233b_lo0002	parenchyma	NA	52.837956	239.605206	52.837956	WXS
3131	PD60233b_lo0003	parenchyma	NA	50.124936	264.142496	50.124936	WXS
3131	PD60233b_lo0004	parenchyma	NA	74.224013	165.119429	74.224013	WXS
3131	PD60233b_lo0005	parenchyma	NA	88.195411	215.385397	88.195411	WXS
3131	PD60233b_lo0006	parenchyma	NA	85.172423	242.816341	85.172423	WXS
3131	PD60233b_lo0007	parenchyma	NA	85.770546	242.116474	85.770546	WXS
3131	PD60233b_lo0008	parenchyma	NA	98.3033	203.160769	98.3033	WXS
3131	PD60233b_lo0009	parenchyma	NA	58.289378	241.747198	58.289378	WXS
3131	PD60233b_lo0010	parenchyma	NA	62.043596	275.614668	62.043596	WXS
3131	PD60233b_lo0011	parenchyma	NA	79.879638	188.83539	79.879638	WXS
3131	PD60233b_lo0012	parenchyma	NA	55.631583	224.513258	55.631583	WXS
3131	PD60233b_lo0013	parenchyma	NA	67.768423	202.31115	67.768423	WXS
3131	PD60233b_lo0014	parenchyma	NA	45.535674	314.21431	45.535674	WXS
3131	PD60233b_lo0015	parenchyma	NA	44.749192	332.939355	44.749192	WXS
3131	PD60233b_lo0016	parenchyma	NA	53.530288	211.020966	53.530288	WXS
3131	PD60233b_lo0018	parenchyma	NA	61.054889	200.499989	61.054889	WXS
3131	PD60233b_lo0019	parenchyma	NA	54.277054	205.481667	54.277054	WXS
3131	PD60233b_lo0020	parenchyma	NA	64.231803	216.627116	64.231803	WXS
3131	PD60233b_lo0021	parenchyma	NA	68.957761	218.949836	68.957761	WXS
3131	PD60233b_lo0022	parenchyma	NA	93.918155	215.143063	93.918155	WXS
3131	PD60233b_lo0023	parenchyma	NA	58.194218	209.522755	58.194218	WXS
3131	PD60233b_lo0024	parenchyma	NA	43.623679	368.397757	43.623679	WXS
3131	PD60802b_lo0001	parenchyma	NA	35.846152	297.785709	35.846152	WXS
3131	PD60802b_lo0002	parenchyma	NA	50.030435	370.23419	50.030435	WXS
3131	PD60802b_lo0003	parenchyma	NA	54.09454	193.907279	54.09454	WXS
3131	PD60802b_lo0004	parenchyma	NA	65.060843	158.7887	65.060843	WXS
3131	PD60802b_lo0005	parenchyma	NA	44.776567	296.32751	44.776567	WXS
3131	PD60802b_lo0006	parenchyma	NA	43.866968	351.836586	43.866968	WXS
3131	PD60802b_lo0007	parenchyma	NA	67.254805	218.786605	67.254805	WXS
3131	PD60802b_lo0008	parenchyma	NA	67.32666	157.468292	67.32666	WXS
3131	PD60802b_lo0009	parenchyma	NA	56.123568	217.041215	56.123568	WXS
3131	PD60802b_lo0010	parenchyma	NA	38.638001	291.35385	38.638001	WXS
3131	PD60802b_lo0011	parenchyma	NA	36.236142	307.655251	36.236142	WXS
3131	PD60802b_lo0012	parenchyma	NA	41.159222	267.775178	41.159222	WXS
3131	PD60802b_lo0013	parenchyma	NA	42.338298	325.457996	42.338298	WXS
3131	PD60802b_lo0014	parenchyma	NA	39.79718	319.077818	39.79718	WXS
3131	PD60802b_lo0015	parenchyma	NA	46.863841	190.074448	46.863841	WXS
3131	PD60802b_lo0016	parenchyma	NA	38.38002	170.381152	38.38002	WXS
3131	PD60802b_lo0017	parenchyma	NA	28.295256	378.303935	28.295256	WXS
3131	PD60802b_lo0019	parenchyma	NA	25.36222	374.651067	25.36222	WXS
3131	PD60802b_lo0020	parenchyma	NA	28.027829	419.449143	28.027829	WXS
3131	PD60802b_lo0022	parenchyma	NA	41.641999	323.891506	41.641999	WXS
3131	PD60803b_lo0001	parenchyma	NA	32.357998	314.356208	32.357998	WXS
3131	PD60803b_lo0002	parenchyma	NA	19.300586	301.3591	19.300586	WXS
3131	PD60803b_lo0004	parenchyma	NA	54.999632	179.539435	54.999632	WXS
3131	PD60803b_lo0006	parenchyma	NA	29.815868	369.460413	29.815868	WXS
3131	PD60803b_lo0007	parenchyma	NA	32.134753	274.474161	32.134753	WXS
3131	PD60803b_lo0008	parenchyma	NA	41.325307	352.934503	41.325307	WXS
3131	PD60803b_lo0010	parenchyma	NA	36.269086	311.537522	36.269086	WXS
3131	PD60803b_lo0012	parenchyma	NA	44.607219	307.014823	44.607219	WXS
3131	PD60803b_lo0013	parenchyma	NA	82.349798	200.595541	82.349798	WXS
3131	PD60803b_lo0014	parenchyma	NA	43.969677	327.039798	43.969677	WXS
3131	PD60803b_lo0015	parenchyma	NA	41.178194	365.14394	41.178194	WXS
3131	PD60803b_lo0017	parenchyma	NA	73.824578	235.77293	73.824578	WXS
3131	PD60803b_lo0018	parenchyma	NA	33.447931	404.53056	33.447931	WXS
3131	PD60803b_lo0019	parenchyma	NA	77.674882	174.848923	77.674882	WXS
3131	PD60803b_lo0021	parenchyma	NA	101.031206	199.531443	101.031206	WXS
