CHROM	POS	REF	ALT	gene	strand	ref_cod	mut_cod	ref3_cod	mut3_cod	aachange	ntchange	codonsub	impact	pid	label	name	count	cdsPos
14	94383203	AGCAGGAG	A	SERPINA1	-1	.	.	.	.	.	28-34-delfrshift	.	Indel	ENSP00000416066		L12delFS	1	35
14	94383097	G	GA	SERPINA1	-1	.	.	.	.	.	141-142-insfrshift	.	Indel	ENSP00000416066		F47insFS	1	141
14	94382867	AG	A	SERPINA1	-1	.	.	.	.	.	370-370-delfrshift	.	Indel	ENSP00000416066		L124delFS	1	371
14	94382807	AG	A	SERPINA1	-1	.	.	.	.	.	430-430-delfrshift	.	Indel	ENSP00000416066		L144delFS	1	431
14	94382724	C	T	SERPINA1	-1	G	A	CGG	CAG	G172R	G514A	GGG>AGG	Missense	ENSP00000416066		G172R	1	514
14	94382698	CT	C	SERPINA1	-1	.	.	.	.	.	539-539-delfrshift	.	Indel	ENSP00000416066		Q180delFS	1	540
14	94382664	T	TC	SERPINA1	-1	.	.	.	.	.	574-575-insfrshift	.	Indel	ENSP00000416066		K192insFS	1	574
14	94382625	CTG	C	SERPINA1	-1	.	.	.	.	.	611-612-delfrshift	.	Indel	ENSP00000416066		V205delFS	1	613
14	94381082	G	T	SERPINA1	-1	C	A	CCA	CAA	Q236K	C706A	CAG>AAG	Missense	ENSP00000416066		Q236K	1	706
14	94380944	CCT	C	SERPINA1	-1	.	.	.	.	.	842-843-delfrshift	.	Indel	ENSP00000416066		G282delFS	1	844
14	94378607	T	A	SERPINA1	-1	A	T	GAA	GTA	K367*	A1099T	AAA>TAA	Nonsense	ENSP00000416066		K367*	2	1099
14	94378603	CCT	C	SERPINA1	-1	.	.	.	.	.	1101-1102-delfrshift	.	Indel	ENSP00000416066		G368delFS	1	1103
14	94378589	C	CA	SERPINA1	-1	.	.	.	.	.	1117-1118-insfrshift	.	Indel	ENSP00000416066		G373insFS	1	1117
14	94378589	CA	C	SERPINA1	-1	.	.	.	.	.	1116-1116-delfrshift	.	Indel	ENSP00000416066		G373delFS	1	1117
14	94378562	TG	T	SERPINA1	-1	.	.	.	.	.	1143-1143-delfrshift	.	Indel	ENSP00000416066		M382delFS	1	1144
14	94378558	G	GA	SERPINA1	-1	.	.	.	.	.	1148-1149-insfrshift	.	Indel	ENSP00000416066		S383insFS	1	1148
14	94378549	G	GA	SERPINA1	-1	.	.	.	.	.	1157-1158-insfrshift	.	Indel	ENSP00000416066		P386insFS	1	1157
14	94378547	C	A	SERPINA1	-1	G	T	CGA	CTA	E387*	G1159T	GAG>TAG	Nonsense	ENSP00000416066		E387*	1	1159
14	94378545	C	CT	SERPINA1	-1	.	.	.	.	.	1161-1162-insfrshift	.	Indel	ENSP00000416066		E387insFS	1	1161
14	94378515	TAAG	T	SERPINA1	-1	.	.	.	.	.	1188-1190-delinframe	.	Indel	ENSP00000416066		L397delIF	1	1191
14	94378514	TTAAGA	T	SERPINA1	-1	.	.	.	.	.	1187-1191-delfrshift	.	Indel	ENSP00000416066		M398delFS	1	1192
