chr	pos	ref	mut	gene	aachange	impact	ref3_cod	mut3_cod	freq	mu	dnds	pval	qval
13	41240285	G	C	FOXO1	S22W	Missense	TCG	TGG	19	0.000220586710829371	86133.9285968906	1.45433552039648e-20	1.48497940238946e-12
20	39792808	A	C	PLCG1	H395P	Missense	CAC	CCC	2	4.22731288519209e-05	47311.3785120052	4.7999419068541e-09	0.245054004539514
9	131256869	T	C	ODF2	A611A	Synonymous	CTG	CCG	2	9.05692057324322e-05	22082.5608861867	2.20126738701544e-08	0.749216551253233
6	126319827	A	G	TRMT11	R173R	Synonymous	GAT	GGT	2	0.000206209479458697	9698.87516931824	1.13865079741316e-07	1
2	148657076	T	A	ACVR2A	C105S	Missense	CTG	CAG	2	0.000293631649858431	6811.25485268451	2.30503330609833e-07	1
4	155505651	G	T	FGA	F742L	Missense	TCC	TAC	2	0.000350879577365411	5699.96126596212	3.28800098979697e-07	1
6	70926645	G	A	COL9A1	T907T	Synonymous	CCA	CTA	2	0.000386644405705136	5172.71159362189	3.98984190869037e-07	1
20	42205006	C	T	SGK2	S279F	Missense	TCC	TTC	2	0.000414513031801732	4824.93877528229	4.58340657698358e-07	1
1	22157978	C	T	HSPG2	A3810A	Synonymous	CGG	CAG	2	0.000621316239201936	3218.97268059329	1.02594045535194e-06	1
12	133381569	C	T	GOLGA3	A444T	Missense	CGC	CAC	2	0.000803626590582909	2488.71804820359	1.71082782819071e-06	1
5	111611091	T	C	EPB41L4A	P89P	Synonymous	CAT	CGT	2	0.000920559275313858	2172.59230734285	2.24034519255614e-06	1
16	4625655	C	T	C16orf96	R392C	Missense	ACG	ATG	2	0.00134043696334067	1492.05076754639	4.71610146567034e-06	1
19	8160957	G	A	FBN3	D1849D	Synonymous	ACG	ATG	2	0.00171622786458212	1165.34642122652	7.68288253333811e-06	1
5	16701702	C	T	MYO10	A934A	Synonymous	CGT	CAT	2	0.00210701613338716	949.209627922913	1.15065535140977e-05	1
